ID|Language|label|definition|description|collection|parent|successor|predecessor|registry|register|ReferenceSource|ReferenceLink|governance-level-item|LegislationURI|LegislationLabel|EIONETURI|EIONETLabel|status
http://inspire.ec.europa.eu/metadata-codelist/PriorityDataset/dir-2000-60|es|Directiva 2000/60/CE|||http://inspire.ec.europa.eu/metadata-codelist/PriorityDataset||||||||http://inspire.ec.europa.eu/registry/governance-level/eu-technical|http://eur-lex.europa.eu/eli/dir/2000/60/oj|Directiva 2000/60/CE|||http://inspire.ec.europa.eu/registry/status/valid
http://inspire.ec.europa.eu/metadata-codelist/PriorityDataset/RiverBasinDistricts-dir-2000-60|es|Demarcaciones hidrográficas (Directiva Marco del Agua)|||http://inspire.ec.europa.eu/metadata-codelist/PriorityDataset|http://inspire.ec.europa.eu/metadata-codelist/PriorityDataset/dir-2000-60|||http://inspire.ec.europa.eu/registry|http://inspire.ec.europa.eu/metadata-codelist|||http://inspire.ec.europa.eu/registry/governance-level/eu-technical|http://eur-lex.europa.eu/eli/dir/2000/60/oj|Directiva 2000/60/CE|||http://inspire.ec.europa.eu/registry/status/valid
http://inspire.ec.europa.eu/metadata-codelist/PriorityDataset/RiverBasinDistrictsSubUnits-dir-2000-60|es|Subunidades demarcaciones hidrográficas (Directiva Marco del Agua)|||http://inspire.ec.europa.eu/metadata-codelist/PriorityDataset|http://inspire.ec.europa.eu/metadata-codelist/PriorityDataset/dir-2000-60|||http://inspire.ec.europa.eu/registry|http://inspire.ec.europa.eu/metadata-codelist|||http://inspire.ec.europa.eu/registry/governance-level/eu-technical|http://eur-lex.europa.eu/eli/dir/2000/60/oj|Directiva 2000/60/CE|||http://inspire.ec.europa.eu/registry/status/valid
http://inspire.ec.europa.eu/metadata-codelist/PriorityDataset/WaterBodies-dir-2000-60|es|Masas de agua (Directiva Marco del Agua)|||http://inspire.ec.europa.eu/metadata-codelist/PriorityDataset|http://inspire.ec.europa.eu/metadata-codelist/PriorityDataset/dir-2000-60||http://inspire.ec.europa.eu/metadata-codelist/PriorityDataset/LocationOfWaterBodies-dir-2000-60|http://inspire.ec.europa.eu/registry|http://inspire.ec.europa.eu/metadata-codelist|||http://inspire.ec.europa.eu/registry/governance-level/eu-technical|http://eur-lex.europa.eu/eli/dir/2000/60/oj|Directiva 2000/60/CE|||http://inspire.ec.europa.eu/registry/status/valid
http://inspire.ec.europa.eu/metadata-codelist/PriorityDataset/RiverNetwork-dir-2000-60|es|Red hidrográfica unión masas de agua (Directiva Marco del Agua)|||http://inspire.ec.europa.eu/metadata-codelist/PriorityDataset|http://inspire.ec.europa.eu/metadata-codelist/PriorityDataset/dir-2000-60|||http://inspire.ec.europa.eu/registry|http://inspire.ec.europa.eu/metadata-codelist|||http://inspire.ec.europa.eu/registry/governance-level/eu-technical|http://eur-lex.europa.eu/eli/dir/2000/60/oj|Directiva 2000/60/CE|||http://inspire.ec.europa.eu/registry/status/valid
http://inspire.ec.europa.eu/metadata-codelist/PriorityDataset/ProtectedAreas-dir-2000-60|es|Zonas protegidas (Directiva Marco del Agua)|||http://inspire.ec.europa.eu/metadata-codelist/PriorityDataset|http://inspire.ec.europa.eu/metadata-codelist/PriorityDataset/dir-2000-60||http://inspire.ec.europa.eu/metadata-codelist/PriorityDataset/LocationOfProtectedAreas-dir-2000-60|http://inspire.ec.europa.eu/registry|http://inspire.ec.europa.eu/metadata-codelist|||http://inspire.ec.europa.eu/registry/governance-level/eu-technical|http://eur-lex.europa.eu/eli/dir/2000/60/oj|Directiva 2000/60/CE|||http://inspire.ec.europa.eu/registry/status/valid
http://inspire.ec.europa.eu/metadata-codelist/PriorityDataset/MonitoringStations-dir-2000-60|es|Redes de seguimiento  (Directiva Marco del Agua)|||http://inspire.ec.europa.eu/metadata-codelist/PriorityDataset|http://inspire.ec.europa.eu/metadata-codelist/PriorityDataset/dir-2000-60||http://inspire.ec.europa.eu/metadata-codelist/PriorityDataset/MonitoringStationsAssociatedWithWaterBodies-dir-2000-60|http://inspire.ec.europa.eu/registry|http://inspire.ec.europa.eu/metadata-codelist|||http://inspire.ec.europa.eu/registry/governance-level/eu-technical|http://eur-lex.europa.eu/eli/dir/2000/60/oj|Directiva 2000/60/CE|||http://inspire.ec.europa.eu/registry/status/valid
http://inspire.ec.europa.eu/metadata-codelist/PriorityDataset/dir-2002-49|es|Directiva 2002/49/CE|||http://inspire.ec.europa.eu/metadata-codelist/PriorityDataset|||http://inspire.ec.europa.eu/metadata-codelist/PriorityDataset/Directive-2002-49|||||http://inspire.ec.europa.eu/registry/governance-level/eu-technical|http://eur-lex.europa.eu/eli/dir/2002/49/oj|Directiva 2002/49/EC|||http://inspire.ec.europa.eu/registry/status/valid
http://inspire.ec.europa.eu/metadata-codelist/PriorityDataset/MajorRoadsRailwaysAndAirTransportNetwork-dir-2002-49|es|Grandes ejes viarios, ferroviarios y grandes aeropuertos (Directiva de Ruido)|||http://inspire.ec.europa.eu/metadata-codelist/PriorityDataset|http://inspire.ec.europa.eu/metadata-codelist/PriorityDataset/dir-2002-49||http://inspire.ec.europa.eu/metadata-codelist/PriorityDataset/LocationOfMajorRoadsRailwaysAndAirTransportNetwork|http://inspire.ec.europa.eu/registry|http://inspire.ec.europa.eu/metadata-codelist|||http://inspire.ec.europa.eu/registry/governance-level/eu-technical|http://eur-lex.europa.eu/eli/dir/2002/49/oj|Directiva 2002/49/EC|||http://inspire.ec.europa.eu/registry/status/valid
http://inspire.ec.europa.eu/metadata-codelist/PriorityDataset/EnvironmentalNoiseExposure-dir-2002-49|es|Exposición al ruido ambiental (Directiva de Ruido)|||http://inspire.ec.europa.eu/metadata-codelist/PriorityDataset|http://inspire.ec.europa.eu/metadata-codelist/PriorityDataset/dir-2002-49||http://inspire.ec.europa.eu/metadata-codelist/PriorityDataset/EnvironmentalNoiseExposureData|http://inspire.ec.europa.eu/registry|http://inspire.ec.europa.eu/metadata-codelist|||http://inspire.ec.europa.eu/registry/governance-level/eu-technical|http://eur-lex.europa.eu/eli/dir/2002/49/oj|Directiva 2002/49/EC|||http://inspire.ec.europa.eu/registry/status/valid
http://inspire.ec.europa.eu/metadata-codelist/PriorityDataset/Population-dir-2002-49|es|Población (Directiva de Ruido)|||http://inspire.ec.europa.eu/metadata-codelist/PriorityDataset|http://inspire.ec.europa.eu/metadata-codelist/PriorityDataset/dir-2002-49||http://inspire.ec.europa.eu/metadata-codelist/PriorityDataset/EnvironmentalNoiseExposedPopulation|http://inspire.ec.europa.eu/registry|http://inspire.ec.europa.eu/metadata-codelist|||http://inspire.ec.europa.eu/registry/governance-level/eu-technical|http://eur-lex.europa.eu/eli/dir/2002/49/oj|Directiva 2002/49/EC|||http://inspire.ec.europa.eu/registry/status/valid
http://inspire.ec.europa.eu/metadata-codelist/PriorityDataset/Agglomerations-dir-2002-49|es|Aglomeraciones (Directiva de Ruido)|||http://inspire.ec.europa.eu/metadata-codelist/PriorityDataset|http://inspire.ec.europa.eu/metadata-codelist/PriorityDataset/dir-2002-49||http://inspire.ec.europa.eu/metadata-codelist/PriorityDataset/EnvironmentalNoiseAgglomerations|http://inspire.ec.europa.eu/registry|http://inspire.ec.europa.eu/metadata-codelist|||http://inspire.ec.europa.eu/registry/governance-level/eu-technical|http://eur-lex.europa.eu/eli/dir/2002/49/oj|Directiva 2002/49/EC|||http://inspire.ec.europa.eu/registry/status/valid
http://inspire.ec.europa.eu/metadata-codelist/PriorityDataset/dir-2006-21|es|Directiva 2006/21/CE|||http://inspire.ec.europa.eu/metadata-codelist/PriorityDataset||||||||http://inspire.ec.europa.eu/registry/governance-level/eu-technical|http://eur-lex.europa.eu/eli/dir/2006/21/oj|Directiva 2006/21/EC|||http://inspire.ec.europa.eu/registry/status/valid
http://inspire.ec.europa.eu/metadata-codelist/PriorityDataset/FacilitiesForManagingExtractiveWaste-dir-2006-21|es|Instalaciones para la gestión de residuos de industrias extractivas (Directiva de Residuos de Industrias Extractivas)|||http://inspire.ec.europa.eu/metadata-codelist/PriorityDataset|http://inspire.ec.europa.eu/metadata-codelist/PriorityDataset/dir-2006-21||http://inspire.ec.europa.eu/metadata-codelist/PriorityDataset/LocationOfFacilities-dir-2006-21|http://inspire.ec.europa.eu/registry|http://inspire.ec.europa.eu/metadata-codelist|||http://inspire.ec.europa.eu/registry/governance-level/eu-technical|http://eur-lex.europa.eu/eli/dir/2006/21/oj|Directiva 2006/21/EC|||http://inspire.ec.europa.eu/registry/status/valid
http://inspire.ec.europa.eu/metadata-codelist/PriorityDataset/dir-2006-7|es|Directiva 2006/7/CE|||http://inspire.ec.europa.eu/metadata-codelist/PriorityDataset||||||||http://inspire.ec.europa.eu/registry/governance-level/eu-technical|http://eur-lex.europa.eu/eli/dir/2006/7/oj|Directiva 2006/7/EC|||http://inspire.ec.europa.eu/registry/status/valid
http://inspire.ec.europa.eu/metadata-codelist/PriorityDataset/BathingWaterSites-dir-2006-7|es|Zona de aguas de baño (Directiva de Aguas de Baño)|||http://inspire.ec.europa.eu/metadata-codelist/PriorityDataset|http://inspire.ec.europa.eu/metadata-codelist/PriorityDataset/dir-2006-7||http://inspire.ec.europa.eu/metadata-codelist/PriorityDataset/BathingAreas-dir-2006-7|http://inspire.ec.europa.eu/registry|http://inspire.ec.europa.eu/metadata-codelist|||http://inspire.ec.europa.eu/registry/governance-level/eu-technical|http://eur-lex.europa.eu/eli/dir/2006/7/oj|Directiva 2006/7/EC|||http://inspire.ec.europa.eu/registry/status/valid
http://inspire.ec.europa.eu/metadata-codelist/PriorityDataset/dir-2007-60|es|Directiva 2007/60/CE|||http://inspire.ec.europa.eu/metadata-codelist/PriorityDataset||||||||http://inspire.ec.europa.eu/registry/governance-level/eu-technical|http://eur-lex.europa.eu/eli/dir/2007/60/oj|Directiva 2007/60/CE|||http://inspire.ec.europa.eu/registry/status/valid
http://inspire.ec.europa.eu/metadata-codelist/PriorityDataset/PreliminaryFloodRiskAssessment-dir-2007-60|es|Evaluación preliminar del riesgo de inundación (Directiva Inundaciones)|||http://inspire.ec.europa.eu/metadata-codelist/PriorityDataset|http://inspire.ec.europa.eu/metadata-codelist/PriorityDataset/dir-2007-60||http://inspire.ec.europa.eu/metadata-codelist/PriorityDataset/SpatialDataOfPreliminaryFloodRiskAssessment-dir-2007-60|http://inspire.ec.europa.eu/registry|http://inspire.ec.europa.eu/metadata-codelist|||http://inspire.ec.europa.eu/registry/governance-level/eu-technical|http://eur-lex.europa.eu/eli/dir/2007/60/oj|Directiva 2007/60/CE|||http://inspire.ec.europa.eu/registry/status/valid
http://inspire.ec.europa.eu/metadata-codelist/PriorityDataset/ManagementUnits-dir-2007-60|es|Unidades de gestión (Directiva de Inundaciones)|||http://inspire.ec.europa.eu/metadata-codelist/PriorityDataset|http://inspire.ec.europa.eu/metadata-codelist/PriorityDataset/dir-2007-60||http://inspire.ec.europa.eu/metadata-codelist/PriorityDataset/ManagementUnitsAndCompetentAuthority-dir-2007-60|http://inspire.ec.europa.eu/registry|http://inspire.ec.europa.eu/metadata-codelist|||http://inspire.ec.europa.eu/registry/governance-level/eu-technical|http://eur-lex.europa.eu/eli/dir/2007/60/oj|Directiva 2007/60/CE|||http://inspire.ec.europa.eu/registry/status/valid
http://inspire.ec.europa.eu/metadata-codelist/PriorityDataset/AreasOfPotentialSignificantFloodRisk-dir-2007-60|es|Áreas de riesgo potencial significativo de inundación (Directiva de Inundaciones)|||http://inspire.ec.europa.eu/metadata-codelist/PriorityDataset|http://inspire.ec.europa.eu/metadata-codelist/PriorityDataset/dir-2007-60|||http://inspire.ec.europa.eu/registry|http://inspire.ec.europa.eu/metadata-codelist|||http://inspire.ec.europa.eu/registry/governance-level/eu-technical|http://eur-lex.europa.eu/eli/dir/2007/60/oj|Directiva 2007/60/CE|||http://inspire.ec.europa.eu/registry/status/valid
http://inspire.ec.europa.eu/metadata-codelist/PriorityDataset/FloodedAreas-dir-2007-60|es|Zonas inundables (Directiva de Inundaciones)|||http://inspire.ec.europa.eu/metadata-codelist/PriorityDataset|http://inspire.ec.europa.eu/metadata-codelist/PriorityDataset/dir-2007-60|||http://inspire.ec.europa.eu/registry|http://inspire.ec.europa.eu/metadata-codelist|||http://inspire.ec.europa.eu/registry/governance-level/eu-technical|http://eur-lex.europa.eu/eli/dir/2007/60/oj|Directiva 2007/60/CE|||http://inspire.ec.europa.eu/registry/status/valid
http://inspire.ec.europa.eu/metadata-codelist/PriorityDataset/FloodRiskZones-dir-2007-60|es|Mapas de peligrosidad de inundaciones  (Directiva de Inundaciones)|||http://inspire.ec.europa.eu/metadata-codelist/PriorityDataset|http://inspire.ec.europa.eu/metadata-codelist/PriorityDataset/dir-2007-60|||http://inspire.ec.europa.eu/registry|http://inspire.ec.europa.eu/metadata-codelist|||http://inspire.ec.europa.eu/registry/governance-level/eu-technical|http://eur-lex.europa.eu/eli/dir/2007/60/oj|Directiva 2007/60/CE|||http://inspire.ec.europa.eu/registry/status/valid
http://inspire.ec.europa.eu/metadata-codelist/PriorityDataset/dir-2008-50|es|Directiva 2008/50/CE|||http://inspire.ec.europa.eu/metadata-codelist/PriorityDataset||||||||http://inspire.ec.europa.eu/registry/governance-level/eu-technical|http://eur-lex.europa.eu/eli/dir/2008/50/oj|Directiva 2008/50/EC|||http://inspire.ec.europa.eu/registry/status/valid
http://inspire.ec.europa.eu/metadata-codelist/PriorityDataset/ManagementZonesAndAgglomerations-dir-2008-50|es|Zonas y Aglomeraciones  (Directiva de Calidad del Aire)|||http://inspire.ec.europa.eu/metadata-codelist/PriorityDataset|http://inspire.ec.europa.eu/metadata-codelist/PriorityDataset/dir-2008-50||http://inspire.ec.europa.eu/metadata-codelist/PriorityDataset/AirQualityManagementZonesAndAgglomerations-dir-2008-50|http://inspire.ec.europa.eu/registry|http://inspire.ec.europa.eu/metadata-codelist|||http://inspire.ec.europa.eu/registry/governance-level/eu-technical|http://eur-lex.europa.eu/eli/dir/2008/50/oj|Directiva 2008/50/EC|||http://inspire.ec.europa.eu/registry/status/valid
http://inspire.ec.europa.eu/metadata-codelist/PriorityDataset/ModelAreas-dir-2008-50|es|Áreas modelizadas (Directiva de Calidad del Aire)|||http://inspire.ec.europa.eu/metadata-codelist/PriorityDataset|http://inspire.ec.europa.eu/metadata-codelist/PriorityDataset/dir-2008-50|||http://inspire.ec.europa.eu/registry|http://inspire.ec.europa.eu/metadata-codelist|||http://inspire.ec.europa.eu/registry/governance-level/eu-technical|http://eur-lex.europa.eu/eli/dir/2008/50/oj|Directiva 2008/50/EC|||http://inspire.ec.europa.eu/registry/status/valid
http://inspire.ec.europa.eu/metadata-codelist/PriorityDataset/MonitoringStations-dir-2008-50|es|Estaciones de medición (Directiva de Calidad del Aire)|||http://inspire.ec.europa.eu/metadata-codelist/PriorityDataset|http://inspire.ec.europa.eu/metadata-codelist/PriorityDataset/dir-2008-50||http://inspire.ec.europa.eu/metadata-codelist/PriorityDataset/AirQualityMonitoringStationsData-dir-2008-50|http://inspire.ec.europa.eu/registry|http://inspire.ec.europa.eu/metadata-codelist|||http://inspire.ec.europa.eu/registry/governance-level/eu-technical|http://eur-lex.europa.eu/eli/dir/2008/50/oj|Directiva 2008/50/EC|||http://inspire.ec.europa.eu/registry/status/valid
http://inspire.ec.europa.eu/metadata-codelist/PriorityDataset/MeasurementAndModellingData-dir-2008-50|es|Datos medidos y modelizados (Directiva de Calidad del Aire)|||http://inspire.ec.europa.eu/metadata-codelist/PriorityDataset|http://inspire.ec.europa.eu/metadata-codelist/PriorityDataset/dir-2008-50|||http://inspire.ec.europa.eu/registry|http://inspire.ec.europa.eu/metadata-codelist|||http://inspire.ec.europa.eu/registry/governance-level/eu-technical|http://eur-lex.europa.eu/eli/dir/2008/50/oj|Directiva 2008/50/EC|||http://inspire.ec.europa.eu/registry/status/valid
http://inspire.ec.europa.eu/metadata-codelist/PriorityDataset/dir-2008-56|es|Directiva 2008/56/CE|||http://inspire.ec.europa.eu/metadata-codelist/PriorityDataset||||||||http://inspire.ec.europa.eu/registry/governance-level/eu-technical|http://eur-lex.europa.eu/eli/dir/2008/56/oj|Directiva 2008/56/EC|||http://inspire.ec.europa.eu/registry/status/valid
http://inspire.ec.europa.eu/metadata-codelist/PriorityDataset/MarineRegionsAndUnits-dir-2008-56|es|Regiones y unidades marinas (Directiva Marco sobre la Estrategia Marina)|||http://inspire.ec.europa.eu/metadata-codelist/PriorityDataset|http://inspire.ec.europa.eu/metadata-codelist/PriorityDataset/dir-2008-56||http://inspire.ec.europa.eu/metadata-codelist/PriorityDataset/MarineReportingUnits-dir-2008-56|http://inspire.ec.europa.eu/registry|http://inspire.ec.europa.eu/metadata-codelist|||http://inspire.ec.europa.eu/registry/governance-level/eu-technical|http://eur-lex.europa.eu/eli/dir/2008/56/oj|Directiva 2008/56/EC|||http://inspire.ec.europa.eu/registry/status/valid
http://inspire.ec.europa.eu/metadata-codelist/PriorityDataset/MonitoringStations-dir-2008-56|es|Estaciones de seguimiento (Directiva Marco sobre la Estrategia Marina)|||http://inspire.ec.europa.eu/metadata-codelist/PriorityDataset|http://inspire.ec.europa.eu/metadata-codelist/PriorityDataset/dir-2008-56|||http://inspire.ec.europa.eu/registry|http://inspire.ec.europa.eu/metadata-codelist|||http://inspire.ec.europa.eu/registry/governance-level/eu-technical|http://eur-lex.europa.eu/eli/dir/2008/56/oj|Directiva 2008/56/EC|||http://inspire.ec.europa.eu/registry/status/valid
http://inspire.ec.europa.eu/metadata-codelist/PriorityDataset/dir-2009-147|es|Directiva 2009/147/CE|||http://inspire.ec.europa.eu/metadata-codelist/PriorityDataset||||||||http://inspire.ec.europa.eu/registry/governance-level/eu-technical|http://eur-lex.europa.eu/eli/dir/2009/147/oj|Directiva 2009/147/EC|||http://inspire.ec.europa.eu/registry/status/valid
http://inspire.ec.europa.eu/metadata-codelist/PriorityDataset/PanEuropeanBiogeographicalRegions-dir-2009-147|es|Regiones biogeográficas pan - europeas (Directiva Aves)|||http://inspire.ec.europa.eu/metadata-codelist/PriorityDataset|http://inspire.ec.europa.eu/metadata-codelist/PriorityDataset/dir-2009-147||http://inspire.ec.europa.eu/metadata-codelist/PriorityDataset/BiogeographicalRegions-dir-2009-147|http://inspire.ec.europa.eu/registry|http://inspire.ec.europa.eu/metadata-codelist|||http://inspire.ec.europa.eu/registry/governance-level/eu-technical|http://eur-lex.europa.eu/eli/dir/2009/147/oj|Directiva 2009/147/EC|||http://inspire.ec.europa.eu/registry/status/valid
http://inspire.ec.europa.eu/metadata-codelist/PriorityDataset/BirdSpeciesDistributionAndRange-dir-2009-147|es|Distribución y rango de especies de aves (Directiva Aves)|||http://inspire.ec.europa.eu/metadata-codelist/PriorityDataset|http://inspire.ec.europa.eu/metadata-codelist/PriorityDataset/dir-2009-147||http://inspire.ec.europa.eu/metadata-codelist/PriorityDataset/HabitatMapsUsingINSPIREGeographicalGridSystem-dir-2009-147|http://inspire.ec.europa.eu/registry|http://inspire.ec.europa.eu/metadata-codelist|||http://inspire.ec.europa.eu/registry/governance-level/eu-technical|http://eur-lex.europa.eu/eli/dir/2009/147/oj|Directiva 2009/147/EC|||http://inspire.ec.europa.eu/registry/status/valid
http://inspire.ec.europa.eu/metadata-codelist/PriorityDataset/Natura2000Sites-dir-2009-147|es|Lugares Red Natura 2000 ZEPA (Directiva Aves)|||http://inspire.ec.europa.eu/metadata-codelist/PriorityDataset|http://inspire.ec.europa.eu/metadata-codelist/PriorityDataset/dir-2009-147||http://inspire.ec.europa.eu/metadata-codelist/PriorityDataset/LocationOfSites-dir-2009-147|http://inspire.ec.europa.eu/registry|http://inspire.ec.europa.eu/metadata-codelist|||http://inspire.ec.europa.eu/registry/governance-level/eu-technical|http://eur-lex.europa.eu/eli/dir/2009/147/oj|Directiva 2009/147/EC|||http://inspire.ec.europa.eu/registry/status/valid
http://inspire.ec.europa.eu/metadata-codelist/PriorityDataset/dir-2010-75|es|Directiva 2010/75/EU|||http://inspire.ec.europa.eu/metadata-codelist/PriorityDataset||||||||http://inspire.ec.europa.eu/registry/governance-level/eu-technical|http://eur-lex.europa.eu/eli/dir/2010/75/oj|Directiva 2010/75/EU|||http://inspire.ec.europa.eu/registry/status/valid
http://inspire.ec.europa.eu/metadata-codelist/PriorityDataset/IndustrialSites-EURegistry-dir-2010-75|es|Emplazamientos industriales - Registro EU (Directiva de Emisiones Industriales)|||http://inspire.ec.europa.eu/metadata-codelist/PriorityDataset|http://inspire.ec.europa.eu/metadata-codelist/PriorityDataset/dir-2010-75|||http://inspire.ec.europa.eu/registry|http://inspire.ec.europa.eu/metadata-codelist|||http://inspire.ec.europa.eu/registry/governance-level/eu-technical|http://eur-lex.europa.eu/eli/dir/2010/75/oj|Directiva 2010/75/EU|||http://inspire.ec.europa.eu/registry/status/valid
http://inspire.ec.europa.eu/metadata-codelist/PriorityDataset/Emissions-dir-2010-75|es|Emisiones (Directiva sobre las Emisiones Industriales)|||http://inspire.ec.europa.eu/metadata-codelist/PriorityDataset|http://inspire.ec.europa.eu/metadata-codelist/PriorityDataset/dir-2010-75|||http://inspire.ec.europa.eu/registry|http://inspire.ec.europa.eu/metadata-codelist|||http://inspire.ec.europa.eu/registry/governance-level/eu-technical|http://eur-lex.europa.eu/eli/dir/2010/75/oj|Directiva 2010/75/EU|||http://inspire.ec.europa.eu/registry/status/valid
http://inspire.ec.europa.eu/metadata-codelist/PriorityDataset/dir-2012-18|es|Directiva 2012/18/EU|||http://inspire.ec.europa.eu/metadata-codelist/PriorityDataset||||||||http://inspire.ec.europa.eu/registry/governance-level/eu-technical|http://eur-lex.europa.eu/eli/dir/2012/18/oj|Directiva 2012/18/EU|||http://inspire.ec.europa.eu/registry/status/valid
http://inspire.ec.europa.eu/metadata-codelist/PriorityDataset/EstablishmentsInvolvingDangerousSubstances-dir-2012-18|es|Establecimientos en los que intervienen sustancias peligrosas (Directiva SEVESO III)|||http://inspire.ec.europa.eu/metadata-codelist/PriorityDataset|http://inspire.ec.europa.eu/metadata-codelist/PriorityDataset/dir-2012-18||http://inspire.ec.europa.eu/metadata-codelist/PriorityDataset/LocationOfEstablishments-dir-2012-18|http://inspire.ec.europa.eu/registry|http://inspire.ec.europa.eu/metadata-codelist|||http://inspire.ec.europa.eu/registry/governance-level/eu-technical|http://eur-lex.europa.eu/eli/dir/2012/18/oj|Directiva 2012/18/EU|||http://inspire.ec.europa.eu/registry/status/valid
http://inspire.ec.europa.eu/metadata-codelist/PriorityDataset/dir-1986-278|es|Directiva 86/278/CEE|||http://inspire.ec.europa.eu/metadata-codelist/PriorityDataset||||||||http://inspire.ec.europa.eu/registry/governance-level/eu-technical|http://eur-lex.europa.eu/eli/dir/1986/278/oj|Directiva 86/278/EEC|||http://inspire.ec.europa.eu/registry/status/valid
http://inspire.ec.europa.eu/metadata-codelist/PriorityDataset/AgriculturalFacilitiesReceivingSludge-dir-1986-278|es|Plantas de Tratamiento de Lodos (Directiva de Lodos de Depuradora)|||http://inspire.ec.europa.eu/metadata-codelist/PriorityDataset|http://inspire.ec.europa.eu/metadata-codelist/PriorityDataset/dir-1986-278||http://inspire.ec.europa.eu/metadata-codelist/PriorityDataset/AgriculturalFcilitiesReceivingSludge-dir-1986-278|http://inspire.ec.europa.eu/registry|http://inspire.ec.europa.eu/metadata-codelist|||http://inspire.ec.europa.eu/registry/governance-level/eu-technical|http://eur-lex.europa.eu/eli/dir/1986/278/oj|Directiva 86/278/EEC|||http://inspire.ec.europa.eu/registry/status/valid
http://inspire.ec.europa.eu/metadata-codelist/PriorityDataset/AgriculturalSitesWhereSludgeIsDeposited-dir-1986-278|es|Parcelas agrícolas en las que se aplican lodos (Directiva de Lodos de Depuradora)|||http://inspire.ec.europa.eu/metadata-codelist/PriorityDataset|http://inspire.ec.europa.eu/metadata-codelist/PriorityDataset/dir-1986-278||http://inspire.ec.europa.eu/metadata-codelist/PriorityDataset/LocationOfTheAgriculturalSitesWhereSludgeIsDeposited-dir-1986-278|http://inspire.ec.europa.eu/registry|http://inspire.ec.europa.eu/metadata-codelist|||http://inspire.ec.europa.eu/registry/governance-level/eu-technical|http://eur-lex.europa.eu/eli/dir/1986/278/oj|Directiva 86/278/EEC|||http://inspire.ec.europa.eu/registry/status/valid
http://inspire.ec.europa.eu/metadata-codelist/PriorityDataset/dir-1991-271|es|Directiva 91/271/CEE|||http://inspire.ec.europa.eu/metadata-codelist/PriorityDataset||||||||http://inspire.ec.europa.eu/registry/governance-level/eu-technical|http://eur-lex.europa.eu/eli/dir/1991/271/oj|Directiva 91/271/CEE|||http://inspire.ec.europa.eu/registry/status/valid
http://inspire.ec.europa.eu/metadata-codelist/PriorityDataset/Agglomerations-dir-1991-271|es|Aglomeraciones urbanas (Directiva sobre Tratamiento Aguas Residuales Urbanas)|||http://inspire.ec.europa.eu/metadata-codelist/PriorityDataset|http://inspire.ec.europa.eu/metadata-codelist/PriorityDataset/dir-1991-271||http://inspire.ec.europa.eu/metadata-codelist/PriorityDataset/LocationOfUrbanAgglomerations-dir-1991-271|http://inspire.ec.europa.eu/registry|http://inspire.ec.europa.eu/metadata-codelist|||http://inspire.ec.europa.eu/registry/governance-level/eu-technical|http://eur-lex.europa.eu/eli/dir/1991/271/oj|Directiva 91/271/CEE|||http://inspire.ec.europa.eu/registry/status/valid
http://inspire.ec.europa.eu/metadata-codelist/PriorityDataset/UrbanWasteWaterTreatmentPlants-dir-1991-271|es|Estaciones depuradoras de aguas residuales (Directiva de Tratamiento de Aguas Residuales Urbanas)|||http://inspire.ec.europa.eu/metadata-codelist/PriorityDataset|http://inspire.ec.europa.eu/metadata-codelist/PriorityDataset/dir-1991-271||http://inspire.ec.europa.eu/metadata-codelist/PriorityDataset/LocationOfPlants-dir-1991-271|http://inspire.ec.europa.eu/registry|http://inspire.ec.europa.eu/metadata-codelist|||http://inspire.ec.europa.eu/registry/governance-level/eu-technical|http://eur-lex.europa.eu/eli/dir/1991/271/oj|Directiva 91/271/CEE|||http://inspire.ec.europa.eu/registry/status/valid
http://inspire.ec.europa.eu/metadata-codelist/PriorityDataset/DischargePointsToReceivingWaters-dir-1991-271|es|Puntos de vertido de aguas residuales (Directiva de Tratamiento de Aguas Residuales Urbanas)|||http://inspire.ec.europa.eu/metadata-codelist/PriorityDataset|http://inspire.ec.europa.eu/metadata-codelist/PriorityDataset/dir-1991-271||http://inspire.ec.europa.eu/metadata-codelist/PriorityDataset/LocationOfDischargePointsLinkedToWaterFrameworkDirectiveWaterBody-dir-1991-271|http://inspire.ec.europa.eu/registry|http://inspire.ec.europa.eu/metadata-codelist|||http://inspire.ec.europa.eu/registry/governance-level/eu-technical|http://eur-lex.europa.eu/eli/dir/1991/271/oj|Directiva 91/271/CEE|||http://inspire.ec.europa.eu/registry/status/valid
http://inspire.ec.europa.eu/metadata-codelist/PriorityDataset/SensitiveAreasLessSensitiveAreasAndCatchments-dir-1991-271|es|Zonas sensibles, zonas menos sensibles y áreas de captación (Directiva de Tratamiento de Aguas Residuales Urbanas)|||http://inspire.ec.europa.eu/metadata-codelist/PriorityDataset|http://inspire.ec.europa.eu/metadata-codelist/PriorityDataset/dir-1991-271|||http://inspire.ec.europa.eu/registry|http://inspire.ec.europa.eu/metadata-codelist|||http://inspire.ec.europa.eu/registry/governance-level/eu-technical|http://eur-lex.europa.eu/eli/dir/1991/271/oj|Directiva 91/271/CEE|||http://inspire.ec.europa.eu/registry/status/valid
http://inspire.ec.europa.eu/metadata-codelist/PriorityDataset/dir-1991-676|es|Directiva 91/676/CEE|||http://inspire.ec.europa.eu/metadata-codelist/PriorityDataset||||||||http://inspire.ec.europa.eu/registry/governance-level/eu-technical|http://eur-lex.europa.eu/eli/dir/1991/676/oj|Directiva 91/676/CEE|||http://inspire.ec.europa.eu/registry/status/valid
http://inspire.ec.europa.eu/metadata-codelist/PriorityDataset/MonitoringStations-dir-1991-676|es|Redes de seguimiento (Directiva de Nitratos)|||http://inspire.ec.europa.eu/metadata-codelist/PriorityDataset|http://inspire.ec.europa.eu/metadata-codelist/PriorityDataset/dir-1991-676||http://inspire.ec.europa.eu/metadata-codelist/PriorityDataset/NitratesMonitoringStations-dir-1991-676|http://inspire.ec.europa.eu/registry|http://inspire.ec.europa.eu/metadata-codelist|||http://inspire.ec.europa.eu/registry/governance-level/eu-technical|http://eur-lex.europa.eu/eli/dir/1991/676/oj|Directiva 91/676/CEE|||http://inspire.ec.europa.eu/registry/status/valid
http://inspire.ec.europa.eu/metadata-codelist/PriorityDataset/NitratesVulnerableZones-dir-1991-676|es|Zonas vulnerables a nitratos (Directiva de Nitratos)|||http://inspire.ec.europa.eu/metadata-codelist/PriorityDataset|http://inspire.ec.europa.eu/metadata-codelist/PriorityDataset/dir-1991-676|||http://inspire.ec.europa.eu/registry|http://inspire.ec.europa.eu/metadata-codelist|||http://inspire.ec.europa.eu/registry/governance-level/eu-technical|http://eur-lex.europa.eu/eli/dir/1991/676/oj|Directiva 91/676/CEE|||http://inspire.ec.europa.eu/registry/status/valid
http://inspire.ec.europa.eu/metadata-codelist/PriorityDataset/dir-1992-43|es|Directiva 92/43/CEE|||http://inspire.ec.europa.eu/metadata-codelist/PriorityDataset||||||||http://inspire.ec.europa.eu/registry/governance-level/eu-technical|http://eur-lex.europa.eu/eli/dir/1992/43/oj|Directiva 92/43/EEC|||http://inspire.ec.europa.eu/registry/status/valid
http://inspire.ec.europa.eu/metadata-codelist/PriorityDataset/Pan-EuropeanBiogeographicalRegions-dir-1992-43|es|Regiones biogeográficas pan - europeas (Directiva Habitats)|||http://inspire.ec.europa.eu/metadata-codelist/PriorityDataset|http://inspire.ec.europa.eu/metadata-codelist/PriorityDataset/dir-1992-43||http://inspire.ec.europa.eu/metadata-codelist/PriorityDataset/BiogeographicalRegions-dir-1992-43|http://inspire.ec.europa.eu/registry|http://inspire.ec.europa.eu/metadata-codelist|||http://inspire.ec.europa.eu/registry/governance-level/eu-technical|http://eur-lex.europa.eu/eli/dir/1992/43/oj|Directiva 92/43/EEC|||http://inspire.ec.europa.eu/registry/status/valid
http://inspire.ec.europa.eu/metadata-codelist/PriorityDataset/HabitatTypesAndSpeciesDistributionAndRange-dir-1992-43|es|Distribución y rango de tipos de hábitat y especies (Directiva Habitats)|||http://inspire.ec.europa.eu/metadata-codelist/PriorityDataset|http://inspire.ec.europa.eu/metadata-codelist/PriorityDataset/dir-1992-43||http://inspire.ec.europa.eu/metadata-codelist/PriorityDataset/HabitatMapsUsingINSPIREGeographicalGridSystem-dir-1992-43|http://inspire.ec.europa.eu/registry|http://inspire.ec.europa.eu/metadata-codelist|||http://inspire.ec.europa.eu/registry/governance-level/eu-technical|http://eur-lex.europa.eu/eli/dir/1992/43/oj|Directiva 92/43/EEC|||http://inspire.ec.europa.eu/registry/status/valid
http://inspire.ec.europa.eu/metadata-codelist/PriorityDataset/Natura2000Sites-dir-1992-43|es|Lugares Red Natura 2000 LIC-ZEC (Directiva Habitats)|||http://inspire.ec.europa.eu/metadata-codelist/PriorityDataset|http://inspire.ec.europa.eu/metadata-codelist/PriorityDataset/dir-1992-43||http://inspire.ec.europa.eu/metadata-codelist/PriorityDataset/LocationOfSites-dir-1992-43|http://inspire.ec.europa.eu/registry|http://inspire.ec.europa.eu/metadata-codelist|||http://inspire.ec.europa.eu/registry/governance-level/eu-technical|http://eur-lex.europa.eu/eli/dir/1992/43/oj|Directiva 92/43/EEC|||http://inspire.ec.europa.eu/registry/status/valid
http://inspire.ec.europa.eu/metadata-codelist/PriorityDataset/dir-1998-83|es|Directiva 98/83/CE|||http://inspire.ec.europa.eu/metadata-codelist/PriorityDataset||||||||http://inspire.ec.europa.eu/registry/governance-level/eu-technical|http://eur-lex.europa.eu/eli/dir/1998/83/oj|Directiva 98/83/EC|||http://inspire.ec.europa.eu/registry/status/valid
http://inspire.ec.europa.eu/metadata-codelist/PriorityDataset/DrinkingWaterSupplyZones-dir-1998-83|es|Fuentes de Abastecimiento de Agua Potable (Directiva sobre el Agua Potable)|||http://inspire.ec.europa.eu/metadata-codelist/PriorityDataset|http://inspire.ec.europa.eu/metadata-codelist/PriorityDataset/dir-1998-83||http://inspire.ec.europa.eu/metadata-codelist/PriorityDataset/WaterSupplyZones-dir-1998-98|http://inspire.ec.europa.eu/registry|http://inspire.ec.europa.eu/metadata-codelist|||http://inspire.ec.europa.eu/registry/governance-level/eu-technical|http://eur-lex.europa.eu/eli/dir/1998/83/oj|Directiva 98/83/EC|||http://inspire.ec.europa.eu/registry/status/valid
http://inspire.ec.europa.eu/metadata-codelist/PriorityDataset/DrinkingWaterAbstractionPoints-dir-1998-83|es|Puntos de Extracción de Agua (Directiva sobre el Agua Potable)|||http://inspire.ec.europa.eu/metadata-codelist/PriorityDataset|http://inspire.ec.europa.eu/metadata-codelist/PriorityDataset/dir-1998-83|||http://inspire.ec.europa.eu/registry|http://inspire.ec.europa.eu/metadata-codelist|||http://inspire.ec.europa.eu/registry/governance-level/eu-technical|http://eur-lex.europa.eu/eli/dir/1998/83/oj|Directiva 98/83/EC|||http://inspire.ec.europa.eu/registry/status/valid
http://inspire.ec.europa.eu/metadata-codelist/PriorityDataset/EEA-AWP|es|Programa anual de Trabajo de la AEMA|||http://inspire.ec.europa.eu/metadata-codelist/PriorityDataset||||||||http://inspire.ec.europa.eu/registry/governance-level/eu-technical||Programa anual de Trabajo de la AEMA|||http://inspire.ec.europa.eu/registry/status/valid
http://inspire.ec.europa.eu/metadata-codelist/PriorityDataset/NationallyDesignatedAreasCDDA|es|Espacios Naturales Protegidos CDDA|||http://inspire.ec.europa.eu/metadata-codelist/PriorityDataset|http://inspire.ec.europa.eu/metadata-codelist/PriorityDataset/EEA-AWP||http://inspire.ec.europa.eu/metadata-codelist/PriorityDataset/LocationOfSites-ecdf-32|http://inspire.ec.europa.eu/registry|http://inspire.ec.europa.eu/metadata-codelist|||http://inspire.ec.europa.eu/registry/governance-level/eu-technical||Programa anual de Trabajo de la AEMA|||http://inspire.ec.europa.eu/registry/status/valid
http://inspire.ec.europa.eu/metadata-codelist/PriorityDataset/national-legislation|es|Legislación estatal|||http://inspire.ec.europa.eu/metadata-codelist/PriorityDataset||||||||http://inspire.ec.europa.eu/registry/governance-level/eu-technical||Legislación estatal|||http://inspire.ec.europa.eu/registry/status/valid
http://inspire.ec.europa.eu/metadata-codelist/PriorityDataset/NationalBiogeographicalRegions|es|Regiones biogeográficas nacionales|||http://inspire.ec.europa.eu/metadata-codelist/PriorityDataset|http://inspire.ec.europa.eu/metadata-codelist/PriorityDataset/national-legislation|||http://inspire.ec.europa.eu/registry|http://inspire.ec.europa.eu/metadata-codelist|||http://inspire.ec.europa.eu/registry/governance-level/eu-technical||Legislación estatal|||http://inspire.ec.europa.eu/registry/status/valid
http://inspire.ec.europa.eu/metadata-codelist/PriorityDataset/reco-2014-70|es|Recomendación 2014/70/EU|||http://inspire.ec.europa.eu/metadata-codelist/PriorityDataset||||||||http://inspire.ec.europa.eu/registry/governance-level/eu-technical|http://eur-lex.europa.eu/eli/reco/2014/70/oj|Recomendación 2014/70/EU|||http://inspire.ec.europa.eu/registry/status/valid
http://inspire.ec.europa.eu/metadata-codelist/PriorityDataset/Boreholes-reco-2014-70|es|Pozos (Recomendación sobre fracturación hidráulica)|||http://inspire.ec.europa.eu/metadata-codelist/PriorityDataset|http://inspire.ec.europa.eu/metadata-codelist/PriorityDataset/reco-2014-70||http://inspire.ec.europa.eu/metadata-codelist/PriorityDataset/LocationOfBoreholes-reco-2014-70|http://inspire.ec.europa.eu/registry|http://inspire.ec.europa.eu/metadata-codelist|||http://inspire.ec.europa.eu/registry/governance-level/eu-technical|http://eur-lex.europa.eu/eli/reco/2014/70/oj|Recomendación 2014/70/EU|||http://inspire.ec.europa.eu/registry/status/valid
http://inspire.ec.europa.eu/metadata-codelist/PriorityDataset/reg-2017-852|es|Reglamento (UE) 2017/852|||http://inspire.ec.europa.eu/metadata-codelist/PriorityDataset||||||||http://inspire.ec.europa.eu/registry/governance-level/eu-technical|http://eur-lex.europa.eu/eli/reg/2017/852/oj|Reglamento (UE) 2017/852|||http://inspire.ec.europa.eu/registry/status/valid
http://inspire.ec.europa.eu/metadata-codelist/PriorityDataset/MercuryStorageFacilities-reg-2017-852|es|Instalaciones de almacenamiento de mercurio (Reglamento de Mercurio)|||http://inspire.ec.europa.eu/metadata-codelist/PriorityDataset|http://inspire.ec.europa.eu/metadata-codelist/PriorityDataset/reg-2017-852||http://inspire.ec.europa.eu/metadata-codelist/PriorityDataset/LocationOfStorageFacilities-reg-2008-1102|http://inspire.ec.europa.eu/registry|http://inspire.ec.europa.eu/metadata-codelist|||http://inspire.ec.europa.eu/registry/governance-level/eu-technical|http://eur-lex.europa.eu/eli/reg/2017/852/oj|Reglamento (UE) 2017/852|||http://inspire.ec.europa.eu/registry/status/valid
http://inspire.ec.europa.eu/metadata-codelist/PriorityDataset/reg-2006-166|es|Reglamento (CE) 166/2006|||http://inspire.ec.europa.eu/metadata-codelist/PriorityDataset||||||||http://inspire.ec.europa.eu/registry/governance-level/eu-technical|http://eur-lex.europa.eu/eli/reg/2006/166/oj|Reglamento (CE) 166/2006|||http://inspire.ec.europa.eu/registry/status/valid
http://inspire.ec.europa.eu/metadata-codelist/PriorityDataset/IndustrialSites-EURegistry-reg-2006-166|es|Emplazamientos industriales - Registro EU (Registro Europeo de Emisiones y Transferencias de Contaminantes)|||http://inspire.ec.europa.eu/metadata-codelist/PriorityDataset|http://inspire.ec.europa.eu/metadata-codelist/PriorityDataset/reg-2006-166||http://inspire.ec.europa.eu/metadata-codelist/PriorityDataset/LocationsOfFacilities-reg-2006-166|http://inspire.ec.europa.eu/registry|http://inspire.ec.europa.eu/metadata-codelist|||http://inspire.ec.europa.eu/registry/governance-level/eu-technical|http://eur-lex.europa.eu/eli/reg/2006/166/oj|Reglamento (CE) 166/2006|||http://inspire.ec.europa.eu/registry/status/valid
http://inspire.ec.europa.eu/metadata-codelist/PriorityDataset/ActualPollutantReleases-reg-2006-166|es|Emisiones actuales de contaminantes  (Registro Europeo de Emisiones y Transferencias de Contaminantes)|||http://inspire.ec.europa.eu/metadata-codelist/PriorityDataset|http://inspire.ec.europa.eu/metadata-codelist/PriorityDataset/reg-2006-166||http://inspire.ec.europa.eu/metadata-codelist/PriorityDataset/InformationRelatedToActualPollutantReleases-reg-2006-166|http://inspire.ec.europa.eu/registry|http://inspire.ec.europa.eu/metadata-codelist|||http://inspire.ec.europa.eu/registry/governance-level/eu-technical|http://eur-lex.europa.eu/eli/reg/2006/166/oj|Reglamento (CE) 166/2006|||http://inspire.ec.europa.eu/registry/status/valid
http://inspire.ec.europa.eu/metadata-codelist/PriorityDataset/reg-2014-1143|es|Reglamento (UE) 1143/2014|||http://inspire.ec.europa.eu/metadata-codelist/PriorityDataset||||||||http://inspire.ec.europa.eu/registry/governance-level/eu-technical|http://eur-lex.europa.eu/eli/reg/2014/1143/oj|Reglamento (UE) 1143/2014|||http://inspire.ec.europa.eu/registry/status/valid
http://inspire.ec.europa.eu/metadata-codelist/PriorityDataset/InvasiveAlienSpeciesDistribution-reg-2014-1143|es|Distribución de especies exóticas invasoras (Directiva de Especies Exóticas Invasoras)|||http://inspire.ec.europa.eu/metadata-codelist/PriorityDataset|http://inspire.ec.europa.eu/metadata-codelist/PriorityDataset/reg-2014-1143||http://inspire.ec.europa.eu/metadata-codelist/PriorityDataset/MapsOfDistributionOfSpeciesUsingINSPIREGrids-reg-2014-1143|http://inspire.ec.europa.eu/registry|http://inspire.ec.europa.eu/metadata-codelist|||http://inspire.ec.europa.eu/registry/governance-level/eu-technical|http://eur-lex.europa.eu/eli/reg/2014/1143/oj|Reglamento (UE) 1143/2014|||http://inspire.ec.europa.eu/registry/status/valid
http://inspire.ec.europa.eu/metadata-codelist/PriorityDataset/dir-1999-31|es|Directiva 1999/31/CE|||http://inspire.ec.europa.eu/metadata-codelist/PriorityDataset|||http://inspire.ec.europa.eu/metadata-codelist/PriorityDataset/dir-1991-31|||||http://inspire.ec.europa.eu/registry/governance-level/eu-technical|http://eur-lex.europa.eu/eli/dir/1999/31/oj|Directiva 1999/31/EC|||http://inspire.ec.europa.eu/registry/status/valid
http://inspire.ec.europa.eu/metadata-codelist/PriorityDataset/ExemptedIslandsAndIsolatedSettlements-dir-1999-31|es|Poblaciones aisladas (Directiva de Vertido de Residuos)|||http://inspire.ec.europa.eu/metadata-codelist/PriorityDataset|http://inspire.ec.europa.eu/metadata-codelist/PriorityDataset/dir-1999-31||http://inspire.ec.europa.eu/metadata-codelist/PriorityDataset/ExemptedIslandsAndIsolatedSettlements-dir-1991-31|http://inspire.ec.europa.eu/registry|http://inspire.ec.europa.eu/metadata-codelist|||http://inspire.ec.europa.eu/registry/governance-level/eu-technical|http://eur-lex.europa.eu/eli/dir/1999/31/oj|Directiva 1999/31/EC|||http://inspire.ec.europa.eu/registry/status/valid
http://inspire.ec.europa.eu/metadata-codelist/PriorityDataset/LandfillOfWasteSites-dir-1999-31|es|Vertederos de residuos (Directiva de Vertido de Residuos)|||http://inspire.ec.europa.eu/metadata-codelist/PriorityDataset|http://inspire.ec.europa.eu/metadata-codelist/PriorityDataset/dir-1999-31||http://inspire.ec.europa.eu/metadata-codelist/PriorityDataset/LandfillOfWasteSites-dir-1991-31|http://inspire.ec.europa.eu/registry|http://inspire.ec.europa.eu/metadata-codelist|||http://inspire.ec.europa.eu/registry/governance-level/eu-technical|http://eur-lex.europa.eu/eli/dir/1999/31/oj|Directiva 1999/31/EC|||http://inspire.ec.europa.eu/registry/status/valid
